{"version":2,"languages":{"nodejs-npm":{"specfileHash":"1a580ed5b1e090fc3135080ae837494c","lockfileHash":"7bef82c7c23b5119dc38f29b415eae9d","guessedImports":["chart.js","react-month-year-picker","@vitejs/plugin-react-refresh","react","react-dom","react-chartjs-2"],"guessedImportsHash":"8aa403c634c86355e0fc8992edd12711"},"nodejs-yarn":{"specfileHash":"36fe129750f9b571f62775768dfd2747","lockfileHash":"8cd20b0f91e5e007eadff22a3178e342","guessedImports":["@vitejs/plugin-react-refresh","react","react-dom"],"guessedImportsHash":"24f6f3418ae857900ebf7b7e00dc4a7b"}}}
