{
  "name": "ReplitReactjsProject",
  "version": "0.0.1",
  "lockfileVersion": 1,
  "requires": true,
  "dependencies": {
    "@babel/code-frame": {
      "version": "7.12.13",
      "resolved": "https://registry.npmjs.org/@babel/code-frame/-/code-frame-7.12.13.tgz",
      "integrity": "sha512-HV1Cm0Q3ZrpCR93tkWOYiuYIgLxZXZFVG2VgK+MBWjUqZTundupbfx2aXarXuw5Ko5aMcjtJgbSs4vUGBS5v6g==",
      "requires": {
        "@babel/highlight": "^7.12.13"
      }
    },
    "@babel/compat-data": {
      "version": "7.13.15",
      "resolved": "https://registry.npmjs.org/@babel/compat-data/-/compat-data-7.13.15.tgz",
      "integrity": "sha512-ltnibHKR1VnrU4ymHyQ/CXtNXI6yZC0oJThyW78Hft8XndANwi+9H+UIklBDraIjFEJzw8wmcM427oDd9KS5wA=="
    },
    "@babel/core": {
      "version": "7.13.16",
      "resolved": "https://registry.npmjs.org/@babel/core/-/core-7.13.16.tgz",
      "integrity": "sha512-sXHpixBiWWFti0AV2Zq7avpTasr6sIAu7Y396c608541qAU2ui4a193m0KSQmfPSKFZLnQ3cvlKDOm3XkuXm3Q==",
      "requires": {
        "@babel/code-frame": "^7.12.13",
        "@babel/generator": "^7.13.16",
        "@babel/helper-compilation-targets": "^7.13.16",
        "@babel/helper-module-transforms": "^7.13.14",
        "@babel/helpers": "^7.13.16",
        "@babel/parser": "^7.13.16",
        "@babel/template": "^7.12.13",
        "@babel/traverse": "^7.13.15",
        "@babel/types": "^7.13.16",
        "convert-source-map": "^1.7.0",
        "debug": "^4.1.0",
        "gensync": "^1.0.0-beta.2",
        "json5": "^2.1.2",
        "semver": "^6.3.0",
        "source-map": "^0.5.0"
      }
    },
    "@babel/generator": {
      "version": "7.13.16",
      "resolved": "https://registry.npmjs.org/@babel/generator/-/generator-7.13.16.tgz",
      "integrity": "sha512-grBBR75UnKOcUWMp8WoDxNsWCFl//XCK6HWTrBQKTr5SV9f5g0pNOjdyzi/DTBv12S9GnYPInIXQBTky7OXEMg==",
      "requires": {
        "@babel/types": "^7.13.16",
        "jsesc": "^2.5.1",
        "source-map": "^0.5.0"
      }
    },
    "@babel/helper-compilation-targets": {
      "version": "7.13.16",
      "resolved": "https://registry.npmjs.org/@babel/helper-compilation-targets/-/helper-compilation-targets-7.13.16.tgz",
      "integrity": "sha512-3gmkYIrpqsLlieFwjkGgLaSHmhnvlAYzZLlYVjlW+QwI+1zE17kGxuJGmIqDQdYp56XdmGeD+Bswx0UTyG18xA==",
      "requires": {
        "@babel/compat-data": "^7.13.15",
        "@babel/helper-validator-option": "^7.12.17",
        "browserslist": "^4.14.5",
        "semver": "^6.3.0"
      }
    },
    "@babel/helper-function-name": {
      "version": "7.12.13",
      "resolved": "https://registry.npmjs.org/@babel/helper-function-name/-/helper-function-name-7.12.13.tgz",
      "integrity": "sha512-TZvmPn0UOqmvi5G4vvw0qZTpVptGkB1GL61R6lKvrSdIxGm5Pky7Q3fpKiIkQCAtRCBUwB0PaThlx9vebCDSwA==",
      "requires": {
        "@babel/helper-get-function-arity": "^7.12.13",
        "@babel/template": "^7.12.13",
        "@babel/types": "^7.12.13"
      }
    },
    "@babel/helper-get-function-arity": {
      "version": "7.12.13",
      "resolved": "https://registry.npmjs.org/@babel/helper-get-function-arity/-/helper-get-function-arity-7.12.13.tgz",
      "integrity": "sha512-DjEVzQNz5LICkzN0REdpD5prGoidvbdYk1BVgRUOINaWJP2t6avB27X1guXK1kXNrX0WMfsrm1A/ZBthYuIMQg==",
      "requires": {
        "@babel/types": "^7.12.13"
      }
    },
    "@babel/helper-member-expression-to-functions": {
      "version": "7.13.12",
      "resolved": "https://registry.npmjs.org/@babel/helper-member-expression-to-functions/-/helper-member-expression-to-functions-7.13.12.tgz",
      "integrity": "sha512-48ql1CLL59aKbU94Y88Xgb2VFy7a95ykGRbJJaaVv+LX5U8wFpLfiGXJJGUozsmA1oEh/o5Bp60Voq7ACyA/Sw==",
      "requires": {
        "@babel/types": "^7.13.12"
      }
    },
    "@babel/helper-module-imports": {
      "version": "7.13.12",
      "resolved": "https://registry.npmjs.org/@babel/helper-module-imports/-/helper-module-imports-7.13.12.tgz",
      "integrity": "sha512-4cVvR2/1B693IuOvSI20xqqa/+bl7lqAMR59R4iu39R9aOX8/JoYY1sFaNvUMyMBGnHdwvJgUrzNLoUZxXypxA==",
      "requires": {
        "@babel/types": "^7.13.12"
      }
    },
    "@babel/helper-module-transforms": {
      "version": "7.13.14",
      "resolved": "https://registry.npmjs.org/@babel/helper-module-transforms/-/helper-module-transforms-7.13.14.tgz",
      "integrity": "sha512-QuU/OJ0iAOSIatyVZmfqB0lbkVP0kDRiKj34xy+QNsnVZi/PA6BoSoreeqnxxa9EHFAIL0R9XOaAR/G9WlIy5g==",
      "requires": {
        "@babel/helper-module-imports": "^7.13.12",
        "@babel/helper-replace-supers": "^7.13.12",
        "@babel/helper-simple-access": "^7.13.12",
        "@babel/helper-split-export-declaration": "^7.12.13",
        "@babel/helper-validator-identifier": "^7.12.11",
        "@babel/template": "^7.12.13",
        "@babel/traverse": "^7.13.13",
        "@babel/types": "^7.13.14"
      }
    },
    "@babel/helper-optimise-call-expression": {
      "version": "7.12.13",
      "resolved": "https://registry.npmjs.org/@babel/helper-optimise-call-expression/-/helper-optimise-call-expression-7.12.13.tgz",
      "integrity": "sha512-BdWQhoVJkp6nVjB7nkFWcn43dkprYauqtk++Py2eaf/GRDFm5BxRqEIZCiHlZUGAVmtwKcsVL1dC68WmzeFmiA==",
      "requires": {
        "@babel/types": "^7.12.13"
      }
    },
    "@babel/helper-plugin-utils": {
      "version": "7.13.0",
      "resolved": "https://registry.npmjs.org/@babel/helper-plugin-utils/-/helper-plugin-utils-7.13.0.tgz",
      "integrity": "sha512-ZPafIPSwzUlAoWT8DKs1W2VyF2gOWthGd5NGFMsBcMMol+ZhK+EQY/e6V96poa6PA/Bh+C9plWN0hXO1uB8AfQ=="
    },
    "@babel/helper-replace-supers": {
      "version": "7.13.12",
      "resolved": "https://registry.npmjs.org/@babel/helper-replace-supers/-/helper-replace-supers-7.13.12.tgz",
      "integrity": "sha512-Gz1eiX+4yDO8mT+heB94aLVNCL+rbuT2xy4YfyNqu8F+OI6vMvJK891qGBTqL9Uc8wxEvRW92Id6G7sDen3fFw==",
      "requires": {
        "@babel/helper-member-expression-to-functions": "^7.13.12",
        "@babel/helper-optimise-call-expression": "^7.12.13",
        "@babel/traverse": "^7.13.0",
        "@babel/types": "^7.13.12"
      }
    },
    "@babel/helper-simple-access": {
      "version": "7.13.12",
      "resolved": "https://registry.npmjs.org/@babel/helper-simple-access/-/helper-simple-access-7.13.12.tgz",
      "integrity": "sha512-7FEjbrx5SL9cWvXioDbnlYTppcZGuCY6ow3/D5vMggb2Ywgu4dMrpTJX0JdQAIcRRUElOIxF3yEooa9gUb9ZbA==",
      "requires": {
        "@babel/types": "^7.13.12"
      }
    },
    "@babel/helper-split-export-declaration": {
      "version": "7.12.13",
      "resolved": "https://registry.npmjs.org/@babel/helper-split-export-declaration/-/helper-split-export-declaration-7.12.13.tgz",
      "integrity": "sha512-tCJDltF83htUtXx5NLcaDqRmknv652ZWCHyoTETf1CXYJdPC7nohZohjUgieXhv0hTJdRf2FjDueFehdNucpzg==",
      "requires": {
        "@babel/types": "^7.12.13"
      }
    },
    "@babel/helper-validator-identifier": {
      "version": "7.12.11",
      "resolved": "https://registry.npmjs.org/@babel/helper-validator-identifier/-/helper-validator-identifier-7.12.11.tgz",
      "integrity": "sha512-np/lG3uARFybkoHokJUmf1QfEvRVCPbmQeUQpKow5cQ3xWrV9i3rUHodKDJPQfTVX61qKi+UdYk8kik84n7XOw=="
    },
    "@babel/helper-validator-option": {
      "version": "7.12.17",
      "resolved": "https://registry.npmjs.org/@babel/helper-validator-option/-/helper-validator-option-7.12.17.tgz",
      "integrity": "sha512-TopkMDmLzq8ngChwRlyjR6raKD6gMSae4JdYDB8bByKreQgG0RBTuKe9LRxW3wFtUnjxOPRKBDwEH6Mg5KeDfw=="
    },
    "@babel/helpers": {
      "version": "7.13.17",
      "resolved": "https://registry.npmjs.org/@babel/helpers/-/helpers-7.13.17.tgz",
      "integrity": "sha512-Eal4Gce4kGijo1/TGJdqp3WuhllaMLSrW6XcL0ulyUAQOuxHcCafZE8KHg9857gcTehsm/v7RcOx2+jp0Ryjsg==",
      "requires": {
        "@babel/template": "^7.12.13",
        "@babel/traverse": "^7.13.17",
        "@babel/types": "^7.13.17"
      }
    },
    "@babel/highlight": {
      "version": "7.13.10",
      "resolved": "https://registry.npmjs.org/@babel/highlight/-/highlight-7.13.10.tgz",
      "integrity": "sha512-5aPpe5XQPzflQrFwL1/QoeHkP2MsA4JCntcXHRhEsdsfPVkvPi2w7Qix4iV7t5S/oC9OodGrggd8aco1g3SZFg==",
      "requires": {
        "@babel/helper-validator-identifier": "^7.12.11",
        "chalk": "^2.0.0",
        "js-tokens": "^4.0.0"
      }
    },
    "@babel/parser": {
      "version": "7.13.16",
      "resolved": "https://registry.npmjs.org/@babel/parser/-/parser-7.13.16.tgz",
      "integrity": "sha512-6bAg36mCwuqLO0hbR+z7PHuqWiCeP7Dzg73OpQwsAB1Eb8HnGEz5xYBzCfbu+YjoaJsJs+qheDxVAuqbt3ILEw=="
    },
    "@babel/plugin-syntax-import-meta": {
      "version": "7.10.4",
      "resolved": "https://registry.npmjs.org/@babel/plugin-syntax-import-meta/-/plugin-syntax-import-meta-7.10.4.tgz",
      "integrity": "sha512-Yqfm+XDx0+Prh3VSeEQCPU81yC+JWZ2pDPFSS4ZdpfZhp4MkFMaDC1UqseovEKwSUpnIL7+vK+Clp7bfh0iD7g==",
      "requires": {
        "@babel/helper-plugin-utils": "^7.10.4"
      }
    },
    "@babel/plugin-transform-react-jsx-self": {
      "version": "7.12.13",
      "resolved": "https://registry.npmjs.org/@babel/plugin-transform-react-jsx-self/-/plugin-transform-react-jsx-self-7.12.13.tgz",
      "integrity": "sha512-FXYw98TTJ125GVCCkFLZXlZ1qGcsYqNQhVBQcZjyrwf8FEUtVfKIoidnO8S0q+KBQpDYNTmiGo1gn67Vti04lQ==",
      "requires": {
        "@babel/helper-plugin-utils": "^7.12.13"
      }
    },
    "@babel/plugin-transform-react-jsx-source": {
      "version": "7.12.13",
      "resolved": "https://registry.npmjs.org/@babel/plugin-transform-react-jsx-source/-/plugin-transform-react-jsx-source-7.12.13.tgz",
      "integrity": "sha512-O5JJi6fyfih0WfDgIJXksSPhGP/G0fQpfxYy87sDc+1sFmsCS6wr3aAn+whbzkhbjtq4VMqLRaSzR6IsshIC0Q==",
      "requires": {
        "@babel/helper-plugin-utils": "^7.12.13"
      }
    },
    "@babel/template": {
      "version": "7.12.13",
      "resolved": "https://registry.npmjs.org/@babel/template/-/template-7.12.13.tgz",
      "integrity": "sha512-/7xxiGA57xMo/P2GVvdEumr8ONhFOhfgq2ihK3h1e6THqzTAkHbkXgB0xI9yeTfIUoH3+oAeHhqm/I43OTbbjA==",
      "requires": {
        "@babel/code-frame": "^7.12.13",
        "@babel/parser": "^7.12.13",
        "@babel/types": "^7.12.13"
      }
    },
    "@babel/traverse": {
      "version": "7.13.17",
      "resolved": "https://registry.npmjs.org/@babel/traverse/-/traverse-7.13.17.tgz",
      "integrity": "sha512-BMnZn0R+X6ayqm3C3To7o1j7Q020gWdqdyP50KEoVqaCO2c/Im7sYZSmVgvefp8TTMQ+9CtwuBp0Z1CZ8V3Pvg==",
      "requires": {
        "@babel/code-frame": "^7.12.13",
        "@babel/generator": "^7.13.16",
        "@babel/helper-function-name": "^7.12.13",
        "@babel/helper-split-export-declaration": "^7.12.13",
        "@babel/parser": "^7.13.16",
        "@babel/types": "^7.13.17",
        "debug": "^4.1.0",
        "globals": "^11.1.0"
      }
    },
    "@babel/types": {
      "version": "7.13.17",
      "resolved": "https://registry.npmjs.org/@babel/types/-/types-7.13.17.tgz",
      "integrity": "sha512-RawydLgxbOPDlTLJNtoIypwdmAy//uQIzlKt2+iBiJaRlVuI6QLUxVAyWGNfOzp8Yu4L4lLIacoCyTNtpb4wiA==",
      "requires": {
        "@babel/helper-validator-identifier": "^7.12.11",
        "to-fast-properties": "^2.0.0"
      }
    },
    "@types/prop-types": {
      "version": "15.7.3",
      "resolved": "https://registry.npmjs.org/@types/prop-types/-/prop-types-15.7.3.tgz",
      "integrity": "sha512-KfRL3PuHmqQLOG+2tGpRO26Ctg+Cq1E01D2DMriKEATHgWLfeNDmq9e29Q9WIky0dQ3NPkd1mzYH8Lm936Z9qw=="
    },
    "@types/react": {
      "version": "17.0.13",
      "resolved": "https://registry.npmjs.org/@types/react/-/react-17.0.13.tgz",
      "integrity": "sha512-D/G3PiuqTfE3IMNjLn/DCp6umjVCSvtZTPdtAFy5+Ved6CsdRvivfKeCzw79W4AatShtU4nGqgvOv5Gro534vQ==",
      "requires": {
        "@types/prop-types": "*",
        "@types/scheduler": "*",
        "csstype": "^3.0.2"
      }
    },
    "@types/react-dom": {
      "version": "17.0.8",
      "resolved": "https://registry.npmjs.org/@types/react-dom/-/react-dom-17.0.8.tgz",
      "integrity": "sha512-0ohAiJAx1DAUEcY9UopnfwCE9sSMDGnY/oXjWMax6g3RpzmTt2GMyMVAXcbn0mo8XAff0SbQJl2/SBU+hjSZ1A==",
      "requires": {
        "@types/react": "*"
      }
    },
    "@types/scheduler": {
      "version": "0.16.1",
      "resolved": "https://registry.npmjs.org/@types/scheduler/-/scheduler-0.16.1.tgz",
      "integrity": "sha512-EaCxbanVeyxDRTQBkdLb3Bvl/HK7PBK6UJjsSixB0iHKoWxE5uu2Q/DgtpOhPIojN0Zl1whvOd7PoHs2P0s5eA=="
    },
    "@vitejs/plugin-react-refresh": {
      "version": "1.3.0",
      "resolved": "https://registry.npmjs.org/@vitejs/plugin-react-refresh/-/plugin-react-refresh-1.3.0.tgz",
      "integrity": "sha512-6N4CqjzGFcbSTeiC90BPDm2QVo5qkIdqSJQNvuASB3U48+GTJTvUwBGaru46FgEni4eYKM9xBdqYoBhCAfkPLA==",
      "requires": {
        "@babel/core": "^7.12.10",
        "@babel/plugin-syntax-import-meta": "^7.10.4",
        "@babel/plugin-transform-react-jsx-self": "^7.12.10",
        "@babel/plugin-transform-react-jsx-source": "^7.12.10",
        "react-refresh": "^0.9.0"
      }
    },
    "ansi-styles": {
      "version": "3.2.1",
      "resolved": "https://registry.npmjs.org/ansi-styles/-/ansi-styles-3.2.1.tgz",
      "integrity": "sha512-VT0ZI6kZRdTh8YyJw3SMbYm/u+NqfsAxEpWO0Pf9sq8/e94WxxOpPKx9FR1FlyCtOVDNOQ+8ntlqFxiRc+r5qA==",
      "requires": {
        "color-convert": "^1.9.0"
      }
    },
    "browserslist": {
      "version": "4.16.4",
      "resolved": "https://registry.npmjs.org/browserslist/-/browserslist-4.16.4.tgz",
      "integrity": "sha512-d7rCxYV8I9kj41RH8UKYnvDYCRENUlHRgyXy/Rhr/1BaeLGfiCptEdFE8MIrvGfWbBFNjVYx76SQWvNX1j+/cQ==",
      "requires": {
        "caniuse-lite": "^1.0.30001208",
        "colorette": "^1.2.2",
        "electron-to-chromium": "^1.3.712",
        "escalade": "^3.1.1",
        "node-releases": "^1.1.71"
      }
    },
    "caniuse-lite": {
      "version": "1.0.30001214",
      "resolved": "https://registry.npmjs.org/caniuse-lite/-/caniuse-lite-1.0.30001214.tgz",
      "integrity": "sha512-O2/SCpuaU3eASWVaesQirZv1MSjUNOvmugaD8zNSJqw6Vv5SGwoOpA9LJs3pNPfM745nxqPvfZY3MQKY4AKHYg=="
    },
    "chalk": {
      "version": "2.4.2",
      "resolved": "https://registry.npmjs.org/chalk/-/chalk-2.4.2.tgz",
      "integrity": "sha512-Mti+f9lpJNcwF4tWV8/OrTTtF1gZi+f8FqlyAdouralcFWFQWF2+NgCHShjkCb+IFBLq9buZwE1xckQU4peSuQ==",
      "requires": {
        "ansi-styles": "^3.2.1",
        "escape-string-regexp": "^1.0.5",
        "supports-color": "^5.3.0"
      }
    },
    "color-convert": {
      "version": "1.9.3",
      "resolved": "https://registry.npmjs.org/color-convert/-/color-convert-1.9.3.tgz",
      "integrity": "sha512-QfAUtd+vFdAtFQcC8CCyYt1fYWxSqAiK2cSD6zDB8N3cpsEBAvRxp9zOGg6G/SHHJYAT88/az/IuDGALsNVbGg==",
      "requires": {
        "color-name": "1.1.3"
      }
    },
    "color-name": {
      "version": "1.1.3",
      "resolved": "https://registry.npmjs.org/color-name/-/color-name-1.1.3.tgz",
      "integrity": "sha1-p9BVi9icQveV3UIyj3QIMcpTvCU="
    },
    "colorette": {
      "version": "1.2.2",
      "resolved": "https://registry.npmjs.org/colorette/-/colorette-1.2.2.tgz",
      "integrity": "sha512-MKGMzyfeuutC/ZJ1cba9NqcNpfeqMUcYmyF1ZFY6/Cn7CNSAKx6a+s48sqLqyAiZuaP2TcqMhoo+dlwFnVxT9w=="
    },
    "convert-source-map": {
      "version": "1.7.0",
      "resolved": "https://registry.npmjs.org/convert-source-map/-/convert-source-map-1.7.0.tgz",
      "integrity": "sha512-4FJkXzKXEDB1snCFZlLP4gpC3JILicCpGbzG9f9G7tGqGCzETQ2hWPrcinA9oU4wtf2biUaEH5065UnMeR33oA==",
      "requires": {
        "safe-buffer": "~5.1.1"
      }
    },
    "copy-anything": {
      "version": "2.0.6",
      "resolved": "https://registry.npmjs.org/copy-anything/-/copy-anything-2.0.6.tgz",
      "integrity": "sha512-1j20GZTsvKNkc4BY3NpMOM8tt///wY3FpIzozTOFO2ffuZcV61nojHXVKIy3WM+7ADCy5FVhdZYHYDdgTU0yJw==",
      "requires": {
        "is-what": "^3.14.1"
      }
    },
    "csstype": {
      "version": "3.0.8",
      "resolved": "https://registry.npmjs.org/csstype/-/csstype-3.0.8.tgz",
      "integrity": "sha512-jXKhWqXPmlUeoQnF/EhTtTl4C9SnrxSH/jZUih3jmO6lBKr99rP3/+FmrMj4EFpOXzMtXHAZkd3x0E6h6Fgflw=="
    },
    "debug": {
      "version": "4.3.1",
      "resolved": "https://registry.npmjs.org/debug/-/debug-4.3.1.tgz",
      "integrity": "sha512-doEwdvm4PCeK4K3RQN2ZC2BYUBaxwLARCqZmMjtF8a51J2Rb0xpVloFRnCODwqjpwnAoao4pelN8l3RJdv3gRQ==",
      "requires": {
        "ms": "2.1.2"
      }
    },
    "electron-to-chromium": {
      "version": "1.3.718",
      "resolved": "https://registry.npmjs.org/electron-to-chromium/-/electron-to-chromium-1.3.718.tgz",
      "integrity": "sha512-CikzdUSShGXwjq1pcW740wK8j+KbazgHZiwzlHICejDaczM6OVsPcrZmBHPwzj9i2rj5twg20MBwp+cYZwldYA=="
    },
    "errno": {
      "version": "0.1.8",
      "resolved": "https://registry.npmjs.org/errno/-/errno-0.1.8.tgz",
      "integrity": "sha512-dJ6oBr5SQ1VSd9qkk7ByRgb/1SH4JZjCHSW/mr63/QcXO9zLVxvJ6Oy13nio03rxpSnVDDjFor75SjVeZWPW/A==",
      "optional": true,
      "requires": {
        "prr": "~1.0.1"
      }
    },
    "esbuild": {
      "version": "0.12.14",
      "resolved": "https://registry.npmjs.org/esbuild/-/esbuild-0.12.14.tgz",
      "integrity": "sha512-z8p+6FGiplR7a3pPonXREbm+8IeXjBGvDpVidZmGB/AJMsJSfGCU+n7KOMCazA9AwvagadRWBhiKorC0w9WJvw=="
    },
    "escalade": {
      "version": "3.1.1",
      "resolved": "https://registry.npmjs.org/escalade/-/escalade-3.1.1.tgz",
      "integrity": "sha512-k0er2gUkLf8O0zKJiAhmkTnJlTvINGv7ygDNPbeIsX/TJjGJZHuh9B2UxbsaEkmlEo9MfhrSzmhIlhRlI2GXnw=="
    },
    "escape-string-regexp": {
      "version": "1.0.5",
      "resolved": "https://registry.npmjs.org/escape-string-regexp/-/escape-string-regexp-1.0.5.tgz",
      "integrity": "sha1-G2HAViGQqN/2rjuyzwIAyhMLhtQ="
    },
    "fsevents": {
      "version": "2.3.2",
      "resolved": "https://registry.npmjs.org/fsevents/-/fsevents-2.3.2.tgz",
      "integrity": "sha512-xiqMQR4xAeHTuB9uWm+fFRcIOgKBMiOBP+eXiyT7jsgVCq1bkVygt00oASowB7EdtpOHaaPgKt812P9ab+DDKA==",
      "optional": true
    },
    "function-bind": {
      "version": "1.1.1",
      "resolved": "https://registry.npmjs.org/function-bind/-/function-bind-1.1.1.tgz",
      "integrity": "sha512-yIovAzMX49sF8Yl58fSCWJ5svSLuaibPxXQJFLmBObTuCr0Mf1KiPopGM9NiFjiYBCbfaa2Fh6breQ6ANVTI0A=="
    },
    "gensync": {
      "version": "1.0.0-beta.2",
      "resolved": "https://registry.npmjs.org/gensync/-/gensync-1.0.0-beta.2.tgz",
      "integrity": "sha512-3hN7NaskYvMDLQY55gnW3NQ+mesEAepTqlg+VEbj7zzqEMBVNhzcGYYeqFo/TlYz6eQiFcp1HcsCZO+nGgS8zg=="
    },
    "globals": {
      "version": "11.12.0",
      "resolved": "https://registry.npmjs.org/globals/-/globals-11.12.0.tgz",
      "integrity": "sha512-WOBp/EEGUiIsJSp7wcv/y6MO+lV9UoncWqxuFfm8eBwzWNgyfBd6Gz+IeKQ9jCmyhoH99g15M3T+QaVHFjizVA=="
    },
    "graceful-fs": {
      "version": "4.2.10",
      "resolved": "https://registry.npmjs.org/graceful-fs/-/graceful-fs-4.2.10.tgz",
      "integrity": "sha512-9ByhssR2fPVsNZj478qUUbKfmL0+t5BDVyjShtyZZLiK7ZDAArFFfopyOTj0M05wE2tJPisA4iTnnXl2YoPvOA==",
      "optional": true
    },
    "has": {
      "version": "1.0.3",
      "resolved": "https://registry.npmjs.org/has/-/has-1.0.3.tgz",
      "integrity": "sha512-f2dvO0VU6Oej7RkWJGrehjbzMAjFp5/VKPp5tTpWIV4JHHZK1/BxbFRtf/siA2SWTe09caDmVtYYzWEIbBS4zw==",
      "requires": {
        "function-bind": "^1.1.1"
      }
    },
    "has-flag": {
      "version": "3.0.0",
      "resolved": "https://registry.npmjs.org/has-flag/-/has-flag-3.0.0.tgz",
      "integrity": "sha1-tdRU3CGZriJWmfNGfloH87lVuv0="
    },
    "image-size": {
      "version": "0.5.5",
      "resolved": "https://registry.npmjs.org/image-size/-/image-size-0.5.5.tgz",
      "integrity": "sha1-Cd/Uq50g4p6xw+gLiZA3jfnjy5w=",
      "optional": true
    },
    "is-core-module": {
      "version": "2.4.0",
      "resolved": "https://registry.npmjs.org/is-core-module/-/is-core-module-2.4.0.tgz",
      "integrity": "sha512-6A2fkfq1rfeQZjxrZJGerpLCTHRNEBiSgnu0+obeJpEPZRUooHgsizvzv0ZjJwOz3iWIHdJtVWJ/tmPr3D21/A==",
      "requires": {
        "has": "^1.0.3"
      }
    },
    "is-what": {
      "version": "3.14.1",
      "resolved": "https://registry.npmjs.org/is-what/-/is-what-3.14.1.tgz",
      "integrity": "sha512-sNxgpk9793nzSs7bA6JQJGeIuRBQhAaNGG77kzYQgMkrID+lS6SlK07K5LaptscDlSaIgH+GPFzf+d75FVxozA=="
    },
    "js-tokens": {
      "version": "4.0.0",
      "resolved": "https://registry.npmjs.org/js-tokens/-/js-tokens-4.0.0.tgz",
      "integrity": "sha512-RdJUflcE3cUzKiMqQgsCu06FPu9UdIJO0beYbPhHN4k6apgJtifcoCtT9bcxOpYBtpD2kCM6Sbzg4CausW/PKQ=="
    },
    "jsesc": {
      "version": "2.5.2",
      "resolved": "https://registry.npmjs.org/jsesc/-/jsesc-2.5.2.tgz",
      "integrity": "sha512-OYu7XEzjkCQ3C5Ps3QIZsQfNpqoJyZZA99wd9aWd05NCtC5pWOkShK2mkL6HXQR6/Cy2lbNdPlZBpuQHXE63gA=="
    },
    "json5": {
      "version": "2.2.0",
      "resolved": "https://registry.npmjs.org/json5/-/json5-2.2.0.tgz",
      "integrity": "sha512-f+8cldu7X/y7RAJurMEJmdoKXGB/X550w2Nr3tTbezL6RwEE/iMcm+tZnXeoZtKuOq6ft8+CqzEkrIgx1fPoQA==",
      "requires": {
        "minimist": "^1.2.5"
      }
    },
    "less": {
      "version": "3.13.1",
      "resolved": "https://registry.npmjs.org/less/-/less-3.13.1.tgz",
      "integrity": "sha512-SwA1aQXGUvp+P5XdZslUOhhLnClSLIjWvJhmd+Vgib5BFIr9lMNlQwmwUNOjXThF/A0x+MCYYPeWEfeWiLRnTw==",
      "requires": {
        "copy-anything": "^2.0.1",
        "errno": "^0.1.1",
        "graceful-fs": "^4.1.2",
        "image-size": "~0.5.0",
        "make-dir": "^2.1.0",
        "mime": "^1.4.1",
        "native-request": "^1.0.5",
        "source-map": "~0.6.0",
        "tslib": "^1.10.0"
      },
      "dependencies": {
        "source-map": {
          "version": "0.6.1",
          "resolved": "https://registry.npmjs.org/source-map/-/source-map-0.6.1.tgz",
          "integrity": "sha512-UjgapumWlbMhkBgzT7Ykc5YXUT46F0iKu8SGXq0bcwP5dz/h0Plj6enJqjz1Zbq2l5WaqYnrVbwWOWMyF3F47g==",
          "optional": true
        }
      }
    },
    "loose-envify": {
      "version": "1.4.0",
      "resolved": "https://registry.npmjs.org/loose-envify/-/loose-envify-1.4.0.tgz",
      "integrity": "sha512-lyuxPGr/Wfhrlem2CL/UcnUc1zcqKAImBDzukY7Y5F/yQiNdko6+fRLevlw1HgMySw7f611UIY408EtxRSoK3Q==",
      "requires": {
        "js-tokens": "^3.0.0 || ^4.0.0"
      }
    },
    "make-dir": {
      "version": "2.1.0",
      "resolved": "https://registry.npmjs.org/make-dir/-/make-dir-2.1.0.tgz",
      "integrity": "sha512-LS9X+dc8KLxXCb8dni79fLIIUA5VyZoyjSMCwTluaXA0o27cCK0bhXkpgw+sTXVpPy/lSO57ilRixqk0vDmtRA==",
      "optional": true,
      "requires": {
        "pify": "^4.0.1",
        "semver": "^5.6.0"
      },
      "dependencies": {
        "semver": {
          "version": "5.7.1",
          "resolved": "https://registry.npmjs.org/semver/-/semver-5.7.1.tgz",
          "integrity": "sha512-sauaDf/PZdVgrLTNYHRtpXa1iRiKcaebiKQ1BJdpQlWH2lCvexQdX55snPFyK7QzpudqbCI0qXFfOasHdyNDGQ==",
          "optional": true
        }
      }
    },
    "mime": {
      "version": "1.6.0",
      "resolved": "https://registry.npmjs.org/mime/-/mime-1.6.0.tgz",
      "integrity": "sha512-x0Vn8spI+wuJ1O6S7gnbaQg8Pxh4NNHb7KSINmEWKiPE4RKOplvijn+NkmYmmRgP68mc70j2EbeTFRsrswaQeg==",
      "optional": true
    },
    "minimist": {
      "version": "1.2.5",
      "resolved": "https://registry.npmjs.org/minimist/-/minimist-1.2.5.tgz",
      "integrity": "sha512-FM9nNUYrRBAELZQT3xeZQ7fmMOBg6nWNmJKTcgsJeaLstP/UODVpGsr5OhXhhXg6f+qtJ8uiZ+PUxkDWcgIXLw=="
    },
    "ms": {
      "version": "2.1.2",
      "resolved": "https://registry.npmjs.org/ms/-/ms-2.1.2.tgz",
      "integrity": "sha512-sGkPx+VjMtmA6MX27oA4FBFELFCZZ4S4XqeGOXCv68tT+jb3vk/RyaKWP0PTKyWtmLSM0b+adUTEvbs1PEaH2w=="
    },
    "nanoid": {
      "version": "3.1.23",
      "resolved": "https://registry.npmjs.org/nanoid/-/nanoid-3.1.23.tgz",
      "integrity": "sha512-FiB0kzdP0FFVGDKlRLEQ1BgDzU87dy5NnzjeW9YZNt+/c3+q82EQDUwniSAUxp/F0gFNI1ZhKU1FqYsMuqZVnw=="
    },
    "native-request": {
      "version": "1.1.0",
      "resolved": "https://registry.npmjs.org/native-request/-/native-request-1.1.0.tgz",
      "integrity": "sha512-uZ5rQaeRn15XmpgE0xoPL8YWqcX90VtCFglYwAgkvKM5e8fog+vePLAhHxuuv/gRkrQxIeh5U3q9sMNUrENqWw==",
      "optional": true
    },
    "node-releases": {
      "version": "1.1.71",
      "resolved": "https://registry.npmjs.org/node-releases/-/node-releases-1.1.71.tgz",
      "integrity": "sha512-zR6HoT6LrLCRBwukmrVbHv0EpEQjksO6GmFcZQQuCAy139BEsoVKPYnf3jongYW83fAa1torLGYwxxky/p28sg=="
    },
    "object-assign": {
      "version": "4.1.1",
      "resolved": "https://registry.npmjs.org/object-assign/-/object-assign-4.1.1.tgz",
      "integrity": "sha1-IQmtx5ZYh8/AXLvUQsrIv7s2CGM="
    },
    "path-parse": {
      "version": "1.0.7",
      "resolved": "https://registry.npmjs.org/path-parse/-/path-parse-1.0.7.tgz",
      "integrity": "sha512-LDJzPVEEEPR+y48z93A0Ed0yXb8pAByGWo/k5YYdYgpY2/2EsOsksJrq7lOHxryrVOn1ejG6oAp8ahvOIQD8sw=="
    },
    "pify": {
      "version": "4.0.1",
      "resolved": "https://registry.npmjs.org/pify/-/pify-4.0.1.tgz",
      "integrity": "sha512-uB80kBFb/tfd68bVleG9T5GGsGPjJrLAUpR5PZIrhBnIaRTQRjqdJSsIKkOP6OAIFbj7GOrcudc5pNjZ+geV2g==",
      "optional": true
    },
    "postcss": {
      "version": "8.3.5",
      "resolved": "https://registry.npmjs.org/postcss/-/postcss-8.3.5.tgz",
      "integrity": "sha512-NxTuJocUhYGsMiMFHDUkmjSKT3EdH4/WbGF6GCi1NDGk+vbcUTun4fpbOqaPtD8IIsztA2ilZm2DhYCuyN58gA==",
      "requires": {
        "colorette": "^1.2.2",
        "nanoid": "^3.1.23",
        "source-map-js": "^0.6.2"
      }
    },
    "prr": {
      "version": "1.0.1",
      "resolved": "https://registry.npmjs.org/prr/-/prr-1.0.1.tgz",
      "integrity": "sha1-0/wRS6BplaRexok/SEzrHXj19HY=",
      "optional": true
    },
    "react": {
      "version": "17.0.2",
      "resolved": "https://registry.npmjs.org/react/-/react-17.0.2.tgz",
      "integrity": "sha512-gnhPt75i/dq/z3/6q/0asP78D0u592D5L1pd7M8P+dck6Fu/jJeL6iVVK23fptSUZj8Vjf++7wXA8UNclGQcbA==",
      "requires": {
        "loose-envify": "^1.1.0",
        "object-assign": "^4.1.1"
      }
    },
    "react-dom": {
      "version": "17.0.2",
      "resolved": "https://registry.npmjs.org/react-dom/-/react-dom-17.0.2.tgz",
      "integrity": "sha512-s4h96KtLDUQlsENhMn1ar8t2bEa+q/YAtj8pPPdIjPDGBDIVNsrD9aXNWqspUe6AzKCIG0C1HZZLqLV7qpOBGA==",
      "requires": {
        "loose-envify": "^1.1.0",
        "object-assign": "^4.1.1",
        "scheduler": "^0.20.2"
      }
    },
    "react-month-year-picker": {
      "version": "1.0.1",
      "resolved": "https://registry.npmjs.org/react-month-year-picker/-/react-month-year-picker-1.0.1.tgz",
      "integrity": "sha512-WGuloanLbZxweHVBvZbfHMeqyl65MJSXsFuyAgKCTc/kCYzaV8t9M/P6Yism6XoyeMWioO+gBnnGi3i+K9Qqlw==",
      "requires": {
        "less": "^3.8.1"
      }
    },
    "react-refresh": {
      "version": "0.9.0",
      "resolved": "https://registry.npmjs.org/react-refresh/-/react-refresh-0.9.0.tgz",
      "integrity": "sha512-Gvzk7OZpiqKSkxsQvO/mbTN1poglhmAV7gR/DdIrRrSMXraRQQlfikRJOr3Nb9GTMPC5kof948Zy6jJZIFtDvQ=="
    },
    "resolve": {
      "version": "1.20.0",
      "resolved": "https://registry.npmjs.org/resolve/-/resolve-1.20.0.tgz",
      "integrity": "sha512-wENBPt4ySzg4ybFQW2TT1zMQucPK95HSh/nq2CFTZVOGut2+pQvSsgtda4d26YrYcr067wjbmzOG8byDPBX63A==",
      "requires": {
        "is-core-module": "^2.2.0",
        "path-parse": "^1.0.6"
      }
    },
    "rollup": {
      "version": "2.52.7",
      "resolved": "https://registry.npmjs.org/rollup/-/rollup-2.52.7.tgz",
      "integrity": "sha512-55cSH4CCU6MaPr9TAOyrIC+7qFCHscL7tkNsm1MBfIJRRqRbCEY0mmeFn4Wg8FKsHtEH8r389Fz38r/o+kgXLg==",
      "requires": {
        "fsevents": "~2.3.2"
      }
    },
    "safe-buffer": {
      "version": "5.1.2",
      "resolved": "https://registry.npmjs.org/safe-buffer/-/safe-buffer-5.1.2.tgz",
      "integrity": "sha512-Gd2UZBJDkXlY7GbJxfsE8/nvKkUEU1G38c1siN6QP6a9PT9MmHB8GnpscSmMJSoF8LOIrt8ud/wPtojys4G6+g=="
    },
    "scheduler": {
      "version": "0.20.2",
      "resolved": "https://registry.npmjs.org/scheduler/-/scheduler-0.20.2.tgz",
      "integrity": "sha512-2eWfGgAqqWFGqtdMmcL5zCMK1U8KlXv8SQFGglL3CEtd0aDVDWgeF/YoCmvln55m5zSk3J/20hTaSBeSObsQDQ==",
      "requires": {
        "loose-envify": "^1.1.0",
        "object-assign": "^4.1.1"
      }
    },
    "semver": {
      "version": "6.3.0",
      "resolved": "https://registry.npmjs.org/semver/-/semver-6.3.0.tgz",
      "integrity": "sha512-b39TBaTSfV6yBrapU89p5fKekE2m/NwnDocOVruQFS1/veMgdzuPcnOM34M6CwxW8jH/lxEa5rBoDeUwu5HHTw=="
    },
    "source-map": {
      "version": "0.5.7",
      "resolved": "https://registry.npmjs.org/source-map/-/source-map-0.5.7.tgz",
      "integrity": "sha1-igOdLRAh0i0eoUyA2OpGi6LvP8w="
    },
    "source-map-js": {
      "version": "0.6.2",
      "resolved": "https://registry.npmjs.org/source-map-js/-/source-map-js-0.6.2.tgz",
      "integrity": "sha512-/3GptzWzu0+0MBQFrDKzw/DvvMTUORvgY6k6jd/VS6iCR4RDTKWH6v6WPwQoUO8667uQEf9Oe38DxAYWY5F/Ug=="
    },
    "supports-color": {
      "version": "5.5.0",
      "resolved": "https://registry.npmjs.org/supports-color/-/supports-color-5.5.0.tgz",
      "integrity": "sha512-QjVjwdXIt408MIiAqCX4oUKsgU2EqAGzs2Ppkm4aQYbjm+ZEWEcW4SfFNTr4uMNZma0ey4f5lgLrkB0aX0QMow==",
      "requires": {
        "has-flag": "^3.0.0"
      }
    },
    "to-fast-properties": {
      "version": "2.0.0",
      "resolved": "https://registry.npmjs.org/to-fast-properties/-/to-fast-properties-2.0.0.tgz",
      "integrity": "sha1-3F5pjL0HkmW8c+A3doGk5Og/YW4="
    },
    "tslib": {
      "version": "1.14.1",
      "resolved": "https://registry.npmjs.org/tslib/-/tslib-1.14.1.tgz",
      "integrity": "sha512-Xni35NKzjgMrwevysHTCArtLDpPvye8zV/0E4EyYn43P7/7qvQwPh9BGkHewbMulVntbigmcT7rdX3BNo9wRJg=="
    },
    "vite": {
      "version": "2.3.8",
      "resolved": "https://registry.npmjs.org/vite/-/vite-2.3.8.tgz",
      "integrity": "sha512-QiEx+iqNnJntSgSF2fWRQvRey9pORIrtNJzNyBJXwc+BdzWs83FQolX84cTBo393cfhObrtWa6180dAa4NLDiQ==",
      "requires": {
        "esbuild": "^0.12.8",
        "fsevents": "~2.3.2",
        "postcss": "^8.3.4",
        "resolve": "^1.20.0",
        "rollup": "^2.38.5"
      }
    }
  }
}
